safari-50,safari-100,safari-250,safari-500,safari-1000,safari-1500,safari-2000
211,292,518,1009.0000000000001,1781,2592,3349
158,306,562.0000000000001,1064,1706,2511,3315
157,234,529,1100,1828,2519,3424
192.00000000000003,358,481,1033,1784,2618,3214
218,261,593,941.0000000000001,1848,2454,3311.0000000000005
